Workbook

Sheet AJUSTE
B2: AJUSTE DE TRATO E VAGÃO — PAU D'ARCO
B3: Edite as células AMARELAS. Base = TOTAL por dia de cada curral; o SPLIT divide em manhã/almoço/tarde (as 3 são livres). Use a aba SIMULADOR para achar o split com MENOS batidas.
B5: Capacidade do vagão (kg): | D5: 2200
B6: Ajuste GERAL % (todos): | D6: 0
B7: Ajuste GERAL +kg (todos): | D7: 0
B8: Split Manhã %: | D8: 0.41
B9: Split Almoço %: | D9: 0.18
B10: Split Tarde %: | D10: 0.41
B11: Soma do split (tem que dar 100%): | D11: =D8+D9+D10 -> 1
B13: Curral | C13: Base Total/dia (kg) | D13: Ajuste % | E13: Ajuste +kg | F13: Total/dia AJUSTADO | G13: Manhã | H13: Almoço | I13: Tarde
B14: 1 | C14: 1598 | D14: 0 | E14: 0 | F14: =ROUND(C14*(1+$D$6+D14)+($D$7+E14),0) -> 1598 | G14: =ROUND(F14*$D$8,0) -> 655 | H14: =ROUND(F14*$D$9,0) -> 288 | I14: =ROUND(F14*$D$10,0) -> 655
B15: 2 | C15: 487 | D15: 0 | E15: 0 | F15: =ROUND(C15*(1+$D$6+D15)+($D$7+E15),0) -> 487 | G15: =ROUND(F15*$D$8,0) -> 200 | H15: =ROUND(F15*$D$9,0) -> 88 | I15: =ROUND(F15*$D$10,0) -> 200
B16: 3 | C16: 1618 | D16: 0 | E16: 0 | F16: =ROUND(C16*(1+$D$6+D16)+($D$7+E16),0) -> 1618 | G16: =ROUND(F16*$D$8,0) -> 663 | H16: =ROUND(F16*$D$9,0) -> 291 | I16: =ROUND(F16*$D$10,0) -> 663
B17: 4 | C17: 1596 | D17: 0.05 | E17: 0 | F17: =ROUND(C17*(1+$D$6+D17)+($D$7+E17),0) -> 1676 | G17: =ROUND(F17*$D$8,0) -> 687 | H17: =ROUND(F17*$D$9,0) -> 302 | I17: =ROUND(F17*$D$10,0) -> 687
B18: 5 | C18: 1477 | D18: 0.05 | E18: 0 | F18: =ROUND(C18*(1+$D$6+D18)+($D$7+E18),0) -> 1551 | G18: =ROUND(F18*$D$8,0) -> 636 | H18: =ROUND(F18*$D$9,0) -> 279 | I18: =ROUND(F18*$D$10,0) -> 636
B19: 6 | C19: 1451 | D19: 0 | E19: 0 | F19: =ROUND(C19*(1+$D$6+D19)+($D$7+E19),0) -> 1451 | G19: =ROUND(F19*$D$8,0) -> 595 | H19: =ROUND(F19*$D$9,0) -> 261 | I19: =ROUND(F19*$D$10,0) -> 595
B20: 7 | C20: 1560 | D20: 0 | E20: 0 | F20: =ROUND(C20*(1+$D$6+D20)+($D$7+E20),0) -> 1560 | G20: =ROUND(F20*$D$8,0) -> 640 | H20: =ROUND(F20*$D$9,0) -> 281 | I20: =ROUND(F20*$D$10,0) -> 640
B21: 8 | C21: 1247 | D21: 0 | E21: 0 | F21: =ROUND(C21*(1+$D$6+D21)+($D$7+E21),0) -> 1247 | G21: =ROUND(F21*$D$8,0) -> 511 | H21: =ROUND(F21*$D$9,0) -> 224 | I21: =ROUND(F21*$D$10,0) -> 511
B22: 9 | C22: 211 | D22: 0 | E22: 0 | F22: =ROUND(C22*(1+$D$6+D22)+($D$7+E22),0) -> 211 | G22: =ROUND(F22*$D$8,0) -> 87 | H22: =ROUND(F22*$D$9,0) -> 38 | I22: =ROUND(F22*$D$10,0) -> 87
B23: 10 | C23: 555 | D23: 0 | E23: 0 | F23: =ROUND(C23*(1+$D$6+D23)+($D$7+E23),0) -> 555 | G23: =ROUND(F23*$D$8,0) -> 228 | H23: =ROUND(F23*$D$9,0) -> 100 | I23: =ROUND(F23*$D$10,0) -> 228
B24: TOTAL | C24: =SUM(C14:C23) -> 11800 | F24: =SUM(F14:F23) -> 11954 | G24: =SUM(G14:G23) -> 4902 | H24: =SUM(H14:H23) -> 2152 | I24: =SUM(I14:I23) -> 4902
B26: VAGÕES POR HORÁRIO (menos batidas = melhor)
B27: Horário | C27: Total (kg) | D27: Vagões CHEIOS | E27: Vagão MENOR (kg) | F27: Nº de BATIDAS | G27: Aproveitamento
B28: Manhã | C28: =G24 -> 4902 | D28: =INT(C28/$D$5) -> 2 | E28: =C28-D28*$D$5 -> 502 | F28: =D28+IF(E28>0,1,0) -> 3 | G28: =IFERROR(C28/(F28*$D$5),"") -> 0.74272727
B29: Almoço | C29: =H24 -> 2152 | D29: =INT(C29/$D$5) -> 0 | E29: =C29-D29*$D$5 -> 2152 | F29: =D29+IF(E29>0,1,0) -> 1 | G29: =IFERROR(C29/(F29*$D$5),"") -> 0.97818182
B30: Tarde | C30: =I24 -> 4902 | D30: =INT(C30/$D$5) -> 2 | E30: =C30-D30*$D$5 -> 502 | F30: =D30+IF(E30>0,1,0) -> 3 | G30: =IFERROR(C30/(F30*$D$5),"") -> 0.74272727
B31: TOTAL NO DIA | C31: =C28+C29+C30 -> 11956 | F31: =F28+F29+F30 -> 7 | G31: =IFERROR(C31/(F31*$D$5),"") -> 0.77636364 | H31: ← enchimentos/dia
B33: RECEITA DE CADA VAGÃO (kg de cada ingrediente)
B34: Ingrediente | C34: % dieta | D34: Vagão CHEIO | E34: Menor Manhã | F34: Menor Almoço | G34: Menor Tarde
B35: Silagem de capim | C35: 0.5 | D35: =ROUND($D$5*C35,1) -> 1100 | E35: =ROUND($E$28*C35,1) -> 251 | F35: =ROUND($E$29*C35,1) -> 1076 | G35: =ROUND($E$30*C35,1) -> 251
B36: Farelo de soja | C36: 0.12 | D36: =ROUND($D$5*C36,1) -> 264 | E36: =ROUND($E$28*C36,1) -> 60.2 | F36: =ROUND($E$29*C36,1) -> 258.2 | G36: =ROUND($E$30*C36,1) -> 60.2
B37: Milho moído | C37: 0.363 | D37: =ROUND($D$5*C37,1) -> 798.6 | E37: =ROUND($E$28*C37,1) -> 182.2 | F37: =ROUND($E$29*C37,1) -> 781.2 | G37: =ROUND($E$30*C37,1) -> 182.2
B38: Ureia | C38: 0.007 | D38: =ROUND($D$5*C38,1) -> 15.4 | E38: =ROUND($E$28*C38,1) -> 3.5 | F38: =ROUND($E$29*C38,1) -> 15.1 | G38: =ROUND($E$30*C38,1) -> 3.5
B39: Núcleo (Flex) | C39: 0.01 | D39: =ROUND($D$5*C39,1) -> 22 | E39: =ROUND($E$28*C39,1) -> 5 | F39: =ROUND($E$29*C39,1) -> 21.5 | G39: =ROUND($E$30*C39,1) -> 5
B40: TOTAL | C40: =SUM(C35:C39) -> 1 | D40: =SUM(D35:D39) -> 2200 | E40: =SUM(E35:E39) -> 501.9 | F40: =SUM(F35:F39) -> 2152 | G40: =SUM(G35:G39) -> 501.9
B42: ➡ Para achar o melhor split com MANHÃ e TARDE diferentes, use a aba SIMULADOR e copie os % pro SPLIT acima.

Sheet SIMULADOR
B2: SIMULADOR DE SPLIT — MANHÃ × TARDE (independentes)
B3: Cada célula = nº de batidas/dia daquela combinação. Almoço % = 100% − manhã − tarde. VERDE = menos batidas. Copie o melhor manhã/almoço/tarde pro SPLIT na aba AJUSTE.
B5: Total/dia (kg): | C5: =AJUSTE!F24 -> 11954 | E5: Capacidade vagão: | G5: 2200
B7: SUGESTÃO (manhã=tarde) → | D7: Manhã=Tarde | E7: 0.41 | F7: Almoço | G7: =1-2*E7 -> 0.18 | H7: Batidas | I7: =MIN(V11:V27) -> 6
B9: BATIDAS/DIA (mínimo): | F9: =MIN(C11:S27) -> 6 | G9: =IF(MIN(C11:S27)=MIN(V11:V27),"= mesmo nº da sugestão. Qualquer célula VERDE serve (manhã≠tarde).","Há combinações manhã≠tarde melhores: use uma célula VERDE.") -> = mesmo nº da sugestão. Qualquer célula VERDE serve (manhã≠tarde).
B10: Manhã↓ Tarde→ | C10: 0.3 | D10: 0.31 | E10: 0.32 | F10: 0.33 | G10: 0.34 | H10: 0.35 | I10: 0.36 | J10: 0.37 | K10: 0.38 | L10: 0.39 | M10: 0.4 | N10: 0.41 | O10: 0.42 | P10: 0.43 | Q10: 0.44 | R10: 0.45 | S10: 0.46 | U10: (aux) | V10: (diag)
B11: 0.3 | C11: =IF(OR((1-$B11-C$10)<=0.1,(1-$B11-C$10)>=0.35),"",ROUNDUP($C$5*$B11/$G$5,0)+ROUNDUP($C$5*C$10/$G$5,0)+ROUNDUP($C$5*(1-$B11-C$10)/$G$5,0)) | D11: =IF(OR((1-$B11-D$10)<=0.1,(1-$B11-D$10)>=0.35),"",ROUNDUP($C$5*$B11/$G$5,0)+ROUNDUP($C$5*D$10/$G$5,0)+ROUNDUP($C$5*(1-$B11-D$10)/$G$5,0)) | E11: =IF(OR((1-$B11-E$10)<=0.1,(1-$B11-E$10)>=0.35),"",ROUNDUP($C$5*$B11/$G$5,0)+ROUNDUP($C$5*E$10/$G$5,0)+ROUNDUP($C$5*(1-$B11-E$10)/$G$5,0)) | F11: =IF(OR((1-$B11-F$10)<=0.1,(1-$B11-F$10)>=0.35),"",ROUNDUP($C$5*$B11/$G$5,0)+ROUNDUP($C$5*F$10/$G$5,0)+ROUNDUP($C$5*(1-$B11-F$10)/$G$5,0)) | G11: =IF(OR((1-$B11-G$10)<=0.1,(1-$B11-G$10)>=0.35),"",ROUNDUP($C$5*$B11/$G$5,0)+ROUNDUP($C$5*G$10/$G$5,0)+ROUNDUP($C$5*(1-$B11-G$10)/$G$5,0)) | H11: =IF(OR((1-$B11-H$10)<=0.1,(1-$B11-H$10)>=0.35),"",ROUNDUP($C$5*$B11/$G$5,0)+ROUNDUP($C$5*H$10/$G$5,0)+ROUNDUP($C$5*(1-$B11-H$10)/$G$5,0)) | I11: =IF(OR((1-$B11-I$10)<=0.1,(1-$B11-I$10)>=0.35),"",ROUNDUP($C$5*$B11/$G$5,0)+ROUNDUP($C$5*I$10/$G$5,0)+ROUNDUP($C$5*(1-$B11-I$10)/$G$5,0)) -> 6 | J11: =IF(OR((1-$B11-J$10)<=0.1,(1-$B11-J$10)>=0.35),"",ROUNDUP($C$5*$B11/$G$5,0)+ROUNDUP($C$5*J$10/$G$5,0)+ROUNDUP($C$5*(1-$B11-J$10)/$G$5,0)) -> 7 | ... S11: =IF(OR((1-$B11-S$10)<=0.1,(1-$B11-S$10)>=0.35),"",ROUNDUP($C$5*$B11/$G$5,0)+ROUNDUP($C$5*S$10/$G$5,0)+ROUNDUP($C$5*(1-$B11-S$10)/$G$5,0)) -> 7 | U11: =IF(COUNT(C11:S11)=0,"",MIN(C11:S11)) -> 6 | V11: =C11 | W11: =IF(V11=MIN($V$11:$V$27),B11,"")
B12: 0.31 | C12: =IF(OR((1-$B12-C$10)<=0.1,(1-$B12-C$10)>=0.35),"",ROUNDUP($C$5*$B12/$G$5,0)+ROUNDUP($C$5*C$10/$G$5,0)+ROUNDUP($C$5*(1-$B12-C$10)/$G$5,0)) | D12: =IF(OR((1-$B12-D$10)<=0.1,(1-$B12-D$10)>=0.35),"",ROUNDUP($C$5*$B12/$G$5,0)+ROUNDUP($C$5*D$10/$G$5,0)+ROUNDUP($C$5*(1-$B12-D$10)/$G$5,0)) | E12: =IF(OR((1-$B12-E$10)<=0.1,(1-$B12-E$10)>=0.35),"",ROUNDUP($C$5*$B12/$G$5,0)+ROUNDUP($C$5*E$10/$G$5,0)+ROUNDUP($C$5*(1-$B12-E$10)/$G$5,0)) | F12: =IF(OR((1-$B12-F$10)<=0.1,(1-$B12-F$10)>=0.35),"",ROUNDUP($C$5*$B12/$G$5,0)+ROUNDUP($C$5*F$10/$G$5,0)+ROUNDUP($C$5*(1-$B12-F$10)/$G$5,0)) | G12: =IF(OR((1-$B12-G$10)<=0.1,(1-$B12-G$10)>=0.35),"",ROUNDUP($C$5*$B12/$G$5,0)+ROUNDUP($C$5*G$10/$G$5,0)+ROUNDUP($C$5*(1-$B12-G$10)/$G$5,0)) | H12: =IF(OR((1-$B12-H$10)<=0.1,(1-$B12-H$10)>=0.35),"",ROUNDUP($C$5*$B12/$G$5,0)+ROUNDUP($C$5*H$10/$G$5,0)+ROUNDUP($C$5*(1-$B12-H$10)/$G$5,0)) -> 6 | I12: =IF(OR((1-$B12-I$10)<=0.1,(1-$B12-I$10)>=0.35),"",ROUNDUP($C$5*$B12/$G$5,0)+ROUNDUP($C$5*I$10/$G$5,0)+ROUNDUP($C$5*(1-$B12-I$10)/$G$5,0)) -> 6 | J12: =IF(OR((1-$B12-J$10)<=0.1,(1-$B12-J$10)>=0.35),"",ROUNDUP($C$5*$B12/$G$5,0)+ROUNDUP($C$5*J$10/$G$5,0)+ROUNDUP($C$5*(1-$B12-J$10)/$G$5,0)) -> 7 | ... S12: =IF(OR((1-$B12-S$10)<=0.1,(1-$B12-S$10)>=0.35),"",ROUNDUP($C$5*$B12/$G$5,0)+ROUNDUP($C$5*S$10/$G$5,0)+ROUNDUP($C$5*(1-$B12-S$10)/$G$5,0)) -> 7 | U12: =IF(COUNT(C12:S12)=0,"",MIN(C12:S12)) -> 6 | V12: =D12 | W12: =IF(V12=MIN($V$11:$V$27),B12,"")
B13: 0.32 | C13: =IF(OR((1-$B13-C$10)<=0.1,(1-$B13-C$10)>=0.35),"",ROUNDUP($C$5*$B13/$G$5,0)+ROUNDUP($C$5*C$10/$G$5,0)+ROUNDUP($C$5*(1-$B13-C$10)/$G$5,0)) | D13: =IF(OR((1-$B13-D$10)<=0.1,(1-$B13-D$10)>=0.35),"",ROUNDUP($C$5*$B13/$G$5,0)+ROUNDUP($C$5*D$10/$G$5,0)+ROUNDUP($C$5*(1-$B13-D$10)/$G$5,0)) | E13: =IF(OR((1-$B13-E$10)<=0.1,(1-$B13-E$10)>=0.35),"",ROUNDUP($C$5*$B13/$G$5,0)+ROUNDUP($C$5*E$10/$G$5,0)+ROUNDUP($C$5*(1-$B13-E$10)/$G$5,0)) | F13: =IF(OR((1-$B13-F$10)<=0.1,(1-$B13-F$10)>=0.35),"",ROUNDUP($C$5*$B13/$G$5,0)+ROUNDUP($C$5*F$10/$G$5,0)+ROUNDUP($C$5*(1-$B13-F$10)/$G$5,0)) | G13: =IF(OR((1-$B13-G$10)<=0.1,(1-$B13-G$10)>=0.35),"",ROUNDUP($C$5*$B13/$G$5,0)+ROUNDUP($C$5*G$10/$G$5,0)+ROUNDUP($C$5*(1-$B13-G$10)/$G$5,0)) -> 6 | H13: =IF(OR((1-$B13-H$10)<=0.1,(1-$B13-H$10)>=0.35),"",ROUNDUP($C$5*$B13/$G$5,0)+ROUNDUP($C$5*H$10/$G$5,0)+ROUNDUP($C$5*(1-$B13-H$10)/$G$5,0)) -> 6 | I13: =IF(OR((1-$B13-I$10)<=0.1,(1-$B13-I$10)>=0.35),"",ROUNDUP($C$5*$B13/$G$5,0)+ROUNDUP($C$5*I$10/$G$5,0)+ROUNDUP($C$5*(1-$B13-I$10)/$G$5,0)) -> 6 | J13: =IF(OR((1-$B13-J$10)<=0.1,(1-$B13-J$10)>=0.35),"",ROUNDUP($C$5*$B13/$G$5,0)+ROUNDUP($C$5*J$10/$G$5,0)+ROUNDUP($C$5*(1-$B13-J$10)/$G$5,0)) -> 7 | ... S13: =IF(OR((1-$B13-S$10)<=0.1,(1-$B13-S$10)>=0.35),"",ROUNDUP($C$5*$B13/$G$5,0)+ROUNDUP($C$5*S$10/$G$5,0)+ROUNDUP($C$5*(1-$B13-S$10)/$G$5,0)) -> 7 | U13: =IF(COUNT(C13:S13)=0,"",MIN(C13:S13)) -> 6 | V13: =E13 | W13: =IF(V13=MIN($V$11:$V$27),B13,"")
B14: 0.33 | C14: =IF(OR((1-$B14-C$10)<=0.1,(1-$B14-C$10)>=0.35),"",ROUNDUP($C$5*$B14/$G$5,0)+ROUNDUP($C$5*C$10/$G$5,0)+ROUNDUP($C$5*(1-$B14-C$10)/$G$5,0)) | D14: =IF(OR((1-$B14-D$10)<=0.1,(1-$B14-D$10)>=0.35),"",ROUNDUP($C$5*$B14/$G$5,0)+ROUNDUP($C$5*D$10/$G$5,0)+ROUNDUP($C$5*(1-$B14-D$10)/$G$5,0)) | E14: =IF(OR((1-$B14-E$10)<=0.1,(1-$B14-E$10)>=0.35),"",ROUNDUP($C$5*$B14/$G$5,0)+ROUNDUP($C$5*E$10/$G$5,0)+ROUNDUP($C$5*(1-$B14-E$10)/$G$5,0)) | F14: =IF(OR((1-$B14-F$10)<=0.1,(1-$B14-F$10)>=0.35),"",ROUNDUP($C$5*$B14/$G$5,0)+ROUNDUP($C$5*F$10/$G$5,0)+ROUNDUP($C$5*(1-$B14-F$10)/$G$5,0)) -> 6 | G14: =IF(OR((1-$B14-G$10)<=0.1,(1-$B14-G$10)>=0.35),"",ROUNDUP($C$5*$B14/$G$5,0)+ROUNDUP($C$5*G$10/$G$5,0)+ROUNDUP($C$5*(1-$B14-G$10)/$G$5,0)) -> 6 | H14: =IF(OR((1-$B14-H$10)<=0.1,(1-$B14-H$10)>=0.35),"",ROUNDUP($C$5*$B14/$G$5,0)+ROUNDUP($C$5*H$10/$G$5,0)+ROUNDUP($C$5*(1-$B14-H$10)/$G$5,0)) -> 6 | I14: =IF(OR((1-$B14-I$10)<=0.1,(1-$B14-I$10)>=0.35),"",ROUNDUP($C$5*$B14/$G$5,0)+ROUNDUP($C$5*I$10/$G$5,0)+ROUNDUP($C$5*(1-$B14-I$10)/$G$5,0)) -> 6 | J14: =IF(OR((1-$B14-J$10)<=0.1,(1-$B14-J$10)>=0.35),"",ROUNDUP($C$5*$B14/$G$5,0)+ROUNDUP($C$5*J$10/$G$5,0)+ROUNDUP($C$5*(1-$B14-J$10)/$G$5,0)) -> 7 | ... S14: =IF(OR((1-$B14-S$10)<=0.1,(1-$B14-S$10)>=0.35),"",ROUNDUP($C$5*$B14/$G$5,0)+ROUNDUP($C$5*S$10/$G$5,0)+ROUNDUP($C$5*(1-$B14-S$10)/$G$5,0)) -> 7 | U14: =IF(COUNT(C14:S14)=0,"",MIN(C14:S14)) -> 6 | V14: =F14 -> 6 | W14: =IF(V14=MIN($V$11:$V$27),B14,"") -> 0.33
B15: 0.34 | C15: =IF(OR((1-$B15-C$10)<=0.1,(1-$B15-C$10)>=0.35),"",ROUNDUP($C$5*$B15/$G$5,0)+ROUNDUP($C$5*C$10/$G$5,0)+ROUNDUP($C$5*(1-$B15-C$10)/$G$5,0)) | D15: =IF(OR((1-$B15-D$10)<=0.1,(1-$B15-D$10)>=0.35),"",ROUNDUP($C$5*$B15/$G$5,0)+ROUNDUP($C$5*D$10/$G$5,0)+ROUNDUP($C$5*(1-$B15-D$10)/$G$5,0)) | E15: =IF(OR((1-$B15-E$10)<=0.1,(1-$B15-E$10)>=0.35),"",ROUNDUP($C$5*$B15/$G$5,0)+ROUNDUP($C$5*E$10/$G$5,0)+ROUNDUP($C$5*(1-$B15-E$10)/$G$5,0)) -> 6 | F15: =IF(OR((1-$B15-F$10)<=0.1,(1-$B15-F$10)>=0.35),"",ROUNDUP($C$5*$B15/$G$5,0)+ROUNDUP($C$5*F$10/$G$5,0)+ROUNDUP($C$5*(1-$B15-F$10)/$G$5,0)) -> 6 | G15: =IF(OR((1-$B15-G$10)<=0.1,(1-$B15-G$10)>=0.35),"",ROUNDUP($C$5*$B15/$G$5,0)+ROUNDUP($C$5*G$10/$G$5,0)+ROUNDUP($C$5*(1-$B15-G$10)/$G$5,0)) -> 6 | H15: =IF(OR((1-$B15-H$10)<=0.1,(1-$B15-H$10)>=0.35),"",ROUNDUP($C$5*$B15/$G$5,0)+ROUNDUP($C$5*H$10/$G$5,0)+ROUNDUP($C$5*(1-$B15-H$10)/$G$5,0)) -> 6 | I15: =IF(OR((1-$B15-I$10)<=0.1,(1-$B15-I$10)>=0.35),"",ROUNDUP($C$5*$B15/$G$5,0)+ROUNDUP($C$5*I$10/$G$5,0)+ROUNDUP($C$5*(1-$B15-I$10)/$G$5,0)) -> 6 | J15: =IF(OR((1-$B15-J$10)<=0.1,(1-$B15-J$10)>=0.35),"",ROUNDUP($C$5*$B15/$G$5,0)+ROUNDUP($C$5*J$10/$G$5,0)+ROUNDUP($C$5*(1-$B15-J$10)/$G$5,0)) -> 7 | ... S15: =IF(OR((1-$B15-S$10)<=0.1,(1-$B15-S$10)>=0.35),"",ROUNDUP($C$5*$B15/$G$5,0)+ROUNDUP($C$5*S$10/$G$5,0)+ROUNDUP($C$5*(1-$B15-S$10)/$G$5,0)) -> 7 | U15: =IF(COUNT(C15:S15)=0,"",MIN(C15:S15)) -> 6 | V15: =G15 -> 6 | W15: =IF(V15=MIN($V$11:$V$27),B15,"") -> 0.34
B16: 0.35 | C16: =IF(OR((1-$B16-C$10)<=0.1,(1-$B16-C$10)>=0.35),"",ROUNDUP($C$5*$B16/$G$5,0)+ROUNDUP($C$5*C$10/$G$5,0)+ROUNDUP($C$5*(1-$B16-C$10)/$G$5,0)) | D16: =IF(OR((1-$B16-D$10)<=0.1,(1-$B16-D$10)>=0.35),"",ROUNDUP($C$5*$B16/$G$5,0)+ROUNDUP($C$5*D$10/$G$5,0)+ROUNDUP($C$5*(1-$B16-D$10)/$G$5,0)) -> 6 | E16: =IF(OR((1-$B16-E$10)<=0.1,(1-$B16-E$10)>=0.35),"",ROUNDUP($C$5*$B16/$G$5,0)+ROUNDUP($C$5*E$10/$G$5,0)+ROUNDUP($C$5*(1-$B16-E$10)/$G$5,0)) -> 6 | F16: =IF(OR((1-$B16-F$10)<=0.1,(1-$B16-F$10)>=0.35),"",ROUNDUP($C$5*$B16/$G$5,0)+ROUNDUP($C$5*F$10/$G$5,0)+ROUNDUP($C$5*(1-$B16-F$10)/$G$5,0)) -> 6 | G16: =IF(OR((1-$B16-G$10)<=0.1,(1-$B16-G$10)>=0.35),"",ROUNDUP($C$5*$B16/$G$5,0)+ROUNDUP($C$5*G$10/$G$5,0)+ROUNDUP($C$5*(1-$B16-G$10)/$G$5,0)) -> 6 | H16: =IF(OR((1-$B16-H$10)<=0.1,(1-$B16-H$10)>=0.35),"",ROUNDUP($C$5*$B16/$G$5,0)+ROUNDUP($C$5*H$10/$G$5,0)+ROUNDUP($C$5*(1-$B16-H$10)/$G$5,0)) -> 6 | I16: =IF(OR((1-$B16-I$10)<=0.1,(1-$B16-I$10)>=0.35),"",ROUNDUP($C$5*$B16/$G$5,0)+ROUNDUP($C$5*I$10/$G$5,0)+ROUNDUP($C$5*(1-$B16-I$10)/$G$5,0)) -> 6 | J16: =IF(OR((1-$B16-J$10)<=0.1,(1-$B16-J$10)>=0.35),"",ROUNDUP($C$5*$B16/$G$5,0)+ROUNDUP($C$5*J$10/$G$5,0)+ROUNDUP($C$5*(1-$B16-J$10)/$G$5,0)) -> 7 | ... S16: =IF(OR((1-$B16-S$10)<=0.1,(1-$B16-S$10)>=0.35),"",ROUNDUP($C$5*$B16/$G$5,0)+ROUNDUP($C$5*S$10/$G$5,0)+ROUNDUP($C$5*(1-$B16-S$10)/$G$5,0)) -> 7 | U16: =IF(COUNT(C16:S16)=0,"",MIN(C16:S16)) -> 6 | V16: =H16 -> 6 | W16: =IF(V16=MIN($V$11:$V$27),B16,"") -> 0.35
B17: 0.36 | C17: =IF(OR((1-$B17-C$10)<=0.1,(1-$B17-C$10)>=0.35),"",ROUNDUP($C$5*$B17/$G$5,0)+ROUNDUP($C$5*C$10/$G$5,0)+ROUNDUP($C$5*(1-$B17-C$10)/$G$5,0)) -> 6 | D17: =IF(OR((1-$B17-D$10)<=0.1,(1-$B17-D$10)>=0.35),"",ROUNDUP($C$5*$B17/$G$5,0)+ROUNDUP($C$5*D$10/$G$5,0)+ROUNDUP($C$5*(1-$B17-D$10)/$G$5,0)) -> 6 | E17: =IF(OR((1-$B17-E$10)<=0.1,(1-$B17-E$10)>=0.35),"",ROUNDUP($C$5*$B17/$G$5,0)+ROUNDUP($C$5*E$10/$G$5,0)+ROUNDUP($C$5*(1-$B17-E$10)/$G$5,0)) -> 6 | F17: =IF(OR((1-$B17-F$10)<=0.1,(1-$B17-F$10)>=0.35),"",ROUNDUP($C$5*$B17/$G$5,0)+ROUNDUP($C$5*F$10/$G$5,0)+ROUNDUP($C$5*(1-$B17-F$10)/$G$5,0)) -> 6 | G17: =IF(OR((1-$B17-G$10)<=0.1,(1-$B17-G$10)>=0.35),"",ROUNDUP($C$5*$B17/$G$5,0)+ROUNDUP($C$5*G$10/$G$5,0)+ROUNDUP($C$5*(1-$B17-G$10)/$G$5,0)) -> 6 | H17: =IF(OR((1-$B17-H$10)<=0.1,(1-$B17-H$10)>=0.35),"",ROUNDUP($C$5*$B17/$G$5,0)+ROUNDUP($C$5*H$10/$G$5,0)+ROUNDUP($C$5*(1-$B17-H$10)/$G$5,0)) -> 6 | I17: =IF(OR((1-$B17-I$10)<=0.1,(1-$B17-I$10)>=0.35),"",ROUNDUP($C$5*$B17/$G$5,0)+ROUNDUP($C$5*I$10/$G$5,0)+ROUNDUP($C$5*(1-$B17-I$10)/$G$5,0)) -> 6 | J17: =IF(OR((1-$B17-J$10)<=0.1,(1-$B17-J$10)>=0.35),"",ROUNDUP($C$5*$B17/$G$5,0)+ROUNDUP($C$5*J$10/$G$5,0)+ROUNDUP($C$5*(1-$B17-J$10)/$G$5,0)) -> 7 | ... S17: =IF(OR((1-$B17-S$10)<=0.1,(1-$B17-S$10)>=0.35),"",ROUNDUP($C$5*$B17/$G$5,0)+ROUNDUP($C$5*S$10/$G$5,0)+ROUNDUP($C$5*(1-$B17-S$10)/$G$5,0)) -> 6 | U17: =IF(COUNT(C17:S17)=0,"",MIN(C17:S17)) -> 6 | V17: =I17 -> 6 | W17: =IF(V17=MIN($V$11:$V$27),B17,"") -> 0.36
B18: 0.37 | C18: =IF(OR((1-$B18-C$10)<=0.1,(1-$B18-C$10)>=0.35),"",ROUNDUP($C$5*$B18/$G$5,0)+ROUNDUP($C$5*C$10/$G$5,0)+ROUNDUP($C$5*(1-$B18-C$10)/$G$5,0)) -> 7 | D18: =IF(OR((1-$B18-D$10)<=0.1,(1-$B18-D$10)>=0.35),"",ROUNDUP($C$5*$B18/$G$5,0)+ROUNDUP($C$5*D$10/$G$5,0)+ROUNDUP($C$5*(1-$B18-D$10)/$G$5,0)) -> 7 | E18: =IF(OR((1-$B18-E$10)<=0.1,(1-$B18-E$10)>=0.35),"",ROUNDUP($C$5*$B18/$G$5,0)+ROUNDUP($C$5*E$10/$G$5,0)+ROUNDUP($C$5*(1-$B18-E$10)/$G$5,0)) -> 7 | F18: =IF(OR((1-$B18-F$10)<=0.1,(1-$B18-F$10)>=0.35),"",ROUNDUP($C$5*$B18/$G$5,0)+ROUNDUP($C$5*F$10/$G$5,0)+ROUNDUP($C$5*(1-$B18-F$10)/$G$5,0)) -> 7 | G18: =IF(OR((1-$B18-G$10)<=0.1,(1-$B18-G$10)>=0.35),"",ROUNDUP($C$5*$B18/$G$5,0)+ROUNDUP($C$5*G$10/$G$5,0)+ROUNDUP($C$5*(1-$B18-G$10)/$G$5,0)) -> 7 | H18: =IF(OR((1-$B18-H$10)<=0.1,(1-$B18-H$10)>=0.35),"",ROUNDUP($C$5*$B18/$G$5,0)+ROUNDUP($C$5*H$10/$G$5,0)+ROUNDUP($C$5*(1-$B18-H$10)/$G$5,0)) -> 7 | I18: =IF(OR((1-$B18-I$10)<=0.1,(1-$B18-I$10)>=0.35),"",ROUNDUP($C$5*$B18/$G$5,0)+ROUNDUP($C$5*I$10/$G$5,0)+ROUNDUP($C$5*(1-$B18-I$10)/$G$5,0)) -> 7 | J18: =IF(OR((1-$B18-J$10)<=0.1,(1-$B18-J$10)>=0.35),"",ROUNDUP($C$5*$B18/$G$5,0)+ROUNDUP($C$5*J$10/$G$5,0)+ROUNDUP($C$5*(1-$B18-J$10)/$G$5,0)) -> 8 | ... S18: =IF(OR((1-$B18-S$10)<=0.1,(1-$B18-S$10)>=0.35),"",ROUNDUP($C$5*$B18/$G$5,0)+ROUNDUP($C$5*S$10/$G$5,0)+ROUNDUP($C$5*(1-$B18-S$10)/$G$5,0)) -> 7 | U18: =IF(COUNT(C18:S18)=0,"",MIN(C18:S18)) -> 7 | V18: =J18 -> 8 | W18: =IF(V18=MIN($V$11:$V$27),B18,"")
B19: 0.38 | C19: =IF(OR((1-$B19-C$10)<=0.1,(1-$B19-C$10)>=0.35),"",ROUNDUP($C$5*$B19/$G$5,0)+ROUNDUP($C$5*C$10/$G$5,0)+ROUNDUP($C$5*(1-$B19-C$10)/$G$5,0)) -> 7 | D19: =IF(OR((1-$B19-D$10)<=0.1,(1-$B19-D$10)>=0.35),"",ROUNDUP($C$5*$B19/$G$5,0)+ROUNDUP($C$5*D$10/$G$5,0)+ROUNDUP($C$5*(1-$B19-D$10)/$G$5,0)) -> 7 | E19: =IF(OR((1-$B19-E$10)<=0.1,(1-$B19-E$10)>=0.35),"",ROUNDUP($C$5*$B19/$G$5,0)+ROUNDUP($C$5*E$10/$G$5,0)+ROUNDUP($C$5*(1-$B19-E$10)/$G$5,0)) -> 7 | F19: =IF(OR((1-$B19-F$10)<=0.1,(1-$B19-F$10)>=0.35),"",ROUNDUP($C$5*$B19/$G$5,0)+ROUNDUP($C$5*F$10/$G$5,0)+ROUNDUP($C$5*(1-$B19-F$10)/$G$5,0)) -> 7 | G19: =IF(OR((1-$B19-G$10)<=0.1,(1-$B19-G$10)>=0.35),"",ROUNDUP($C$5*$B19/$G$5,0)+ROUNDUP($C$5*G$10/$G$5,0)+ROUNDUP($C$5*(1-$B19-G$10)/$G$5,0)) -> 7 | H19: =IF(OR((1-$B19-H$10)<=0.1,(1-$B19-H$10)>=0.35),"",ROUNDUP($C$5*$B19/$G$5,0)+ROUNDUP($C$5*H$10/$G$5,0)+ROUNDUP($C$5*(1-$B19-H$10)/$G$5,0)) -> 7 | I19: =IF(OR((1-$B19-I$10)<=0.1,(1-$B19-I$10)>=0.35),"",ROUNDUP($C$5*$B19/$G$5,0)+ROUNDUP($C$5*I$10/$G$5,0)+ROUNDUP($C$5*(1-$B19-I$10)/$G$5,0)) -> 7 | J19: =IF(OR((1-$B19-J$10)<=0.1,(1-$B19-J$10)>=0.35),"",ROUNDUP($C$5*$B19/$G$5,0)+ROUNDUP($C$5*J$10/$G$5,0)+ROUNDUP($C$5*(1-$B19-J$10)/$G$5,0)) -> 8 | ... S19: =IF(OR((1-$B19-S$10)<=0.1,(1-$B19-S$10)>=0.35),"",ROUNDUP($C$5*$B19/$G$5,0)+ROUNDUP($C$5*S$10/$G$5,0)+ROUNDUP($C$5*(1-$B19-S$10)/$G$5,0)) -> 7 | U19: =IF(COUNT(C19:S19)=0,"",MIN(C19:S19)) -> 7 | V19: =K19 -> 8 | W19: =IF(V19=MIN($V$11:$V$27),B19,"")
B20: 0.39 | C20: =IF(OR((1-$B20-C$10)<=0.1,(1-$B20-C$10)>=0.35),"",ROUNDUP($C$5*$B20/$G$5,0)+ROUNDUP($C$5*C$10/$G$5,0)+ROUNDUP($C$5*(1-$B20-C$10)/$G$5,0)) -> 7 | D20: =IF(OR((1-$B20-D$10)<=0.1,(1-$B20-D$10)>=0.35),"",ROUNDUP($C$5*$B20/$G$5,0)+ROUNDUP($C$5*D$10/$G$5,0)+ROUNDUP($C$5*(1-$B20-D$10)/$G$5,0)) -> 7 | E20: =IF(OR((1-$B20-E$10)<=0.1,(1-$B20-E$10)>=0.35),"",ROUNDUP($C$5*$B20/$G$5,0)+ROUNDUP($C$5*E$10/$G$5,0)+ROUNDUP($C$5*(1-$B20-E$10)/$G$5,0)) -> 7 | F20: =IF(OR((1-$B20-F$10)<=0.1,(1-$B20-F$10)>=0.35),"",ROUNDUP($C$5*$B20/$G$5,0)+ROUNDUP($C$5*F$10/$G$5,0)+ROUNDUP($C$5*(1-$B20-F$10)/$G$5,0)) -> 7 | G20: =IF(OR((1-$B20-G$10)<=0.1,(1-$B20-G$10)>=0.35),"",ROUNDUP($C$5*$B20/$G$5,0)+ROUNDUP($C$5*G$10/$G$5,0)+ROUNDUP($C$5*(1-$B20-G$10)/$G$5,0)) -> 7 | H20: =IF(OR((1-$B20-H$10)<=0.1,(1-$B20-H$10)>=0.35),"",ROUNDUP($C$5*$B20/$G$5,0)+ROUNDUP($C$5*H$10/$G$5,0)+ROUNDUP($C$5*(1-$B20-H$10)/$G$5,0)) -> 7 | I20: =IF(OR((1-$B20-I$10)<=0.1,(1-$B20-I$10)>=0.35),"",ROUNDUP($C$5*$B20/$G$5,0)+ROUNDUP($C$5*I$10/$G$5,0)+ROUNDUP($C$5*(1-$B20-I$10)/$G$5,0)) -> 7 | J20: =IF(OR((1-$B20-J$10)<=0.1,(1-$B20-J$10)>=0.35),"",ROUNDUP($C$5*$B20/$G$5,0)+ROUNDUP($C$5*J$10/$G$5,0)+ROUNDUP($C$5*(1-$B20-J$10)/$G$5,0)) -> 8 | ... S20: =IF(OR((1-$B20-S$10)<=0.1,(1-$B20-S$10)>=0.35),"",ROUNDUP($C$5*$B20/$G$5,0)+ROUNDUP($C$5*S$10/$G$5,0)+ROUNDUP($C$5*(1-$B20-S$10)/$G$5,0)) -> 7 | U20: =IF(COUNT(C20:S20)=0,"",MIN(C20:S20)) -> 7 | V20: =L20 -> 8 | W20: =IF(V20=MIN($V$11:$V$27),B20,"")
B21: 0.4 | C21: =IF(OR((1-$B21-C$10)<=0.1,(1-$B21-C$10)>=0.35),"",ROUNDUP($C$5*$B21/$G$5,0)+ROUNDUP($C$5*C$10/$G$5,0)+ROUNDUP($C$5*(1-$B21-C$10)/$G$5,0)) -> 7 | D21: =IF(OR((1-$B21-D$10)<=0.1,(1-$B21-D$10)>=0.35),"",ROUNDUP($C$5*$B21/$G$5,0)+ROUNDUP($C$5*D$10/$G$5,0)+ROUNDUP($C$5*(1-$B21-D$10)/$G$5,0)) -> 7 | E21: =IF(OR((1-$B21-E$10)<=0.1,(1-$B21-E$10)>=0.35),"",ROUNDUP($C$5*$B21/$G$5,0)+ROUNDUP($C$5*E$10/$G$5,0)+ROUNDUP($C$5*(1-$B21-E$10)/$G$5,0)) -> 7 | F21: =IF(OR((1-$B21-F$10)<=0.1,(1-$B21-F$10)>=0.35),"",ROUNDUP($C$5*$B21/$G$5,0)+ROUNDUP($C$5*F$10/$G$5,0)+ROUNDUP($C$5*(1-$B21-F$10)/$G$5,0)) -> 7 | G21: =IF(OR((1-$B21-G$10)<=0.1,(1-$B21-G$10)>=0.35),"",ROUNDUP($C$5*$B21/$G$5,0)+ROUNDUP($C$5*G$10/$G$5,0)+ROUNDUP($C$5*(1-$B21-G$10)/$G$5,0)) -> 7 | H21: =IF(OR((1-$B21-H$10)<=0.1,(1-$B21-H$10)>=0.35),"",ROUNDUP($C$5*$B21/$G$5,0)+ROUNDUP($C$5*H$10/$G$5,0)+ROUNDUP($C$5*(1-$B21-H$10)/$G$5,0)) -> 7 | I21: =IF(OR((1-$B21-I$10)<=0.1,(1-$B21-I$10)>=0.35),"",ROUNDUP($C$5*$B21/$G$5,0)+ROUNDUP($C$5*I$10/$G$5,0)+ROUNDUP($C$5*(1-$B21-I$10)/$G$5,0)) -> 7 | J21: =IF(OR((1-$B21-J$10)<=0.1,(1-$B21-J$10)>=0.35),"",ROUNDUP($C$5*$B21/$G$5,0)+ROUNDUP($C$5*J$10/$G$5,0)+ROUNDUP($C$5*(1-$B21-J$10)/$G$5,0)) -> 8 | ... S21: =IF(OR((1-$B21-S$10)<=0.1,(1-$B21-S$10)>=0.35),"",ROUNDUP($C$5*$B21/$G$5,0)+ROUNDUP($C$5*S$10/$G$5,0)+ROUNDUP($C$5*(1-$B21-S$10)/$G$5,0)) -> 7 | U21: =IF(COUNT(C21:S21)=0,"",MIN(C21:S21)) -> 7 | V21: =M21 -> 8 | W21: =IF(V21=MIN($V$11:$V$27),B21,"")
B22: 0.41 | C22: =IF(OR((1-$B22-C$10)<=0.1,(1-$B22-C$10)>=0.35),"",ROUNDUP($C$5*$B22/$G$5,0)+ROUNDUP($C$5*C$10/$G$5,0)+ROUNDUP($C$5*(1-$B22-C$10)/$G$5,0)) -> 7 | D22: =IF(OR((1-$B22-D$10)<=0.1,(1-$B22-D$10)>=0.35),"",ROUNDUP($C$5*$B22/$G$5,0)+ROUNDUP($C$5*D$10/$G$5,0)+ROUNDUP($C$5*(1-$B22-D$10)/$G$5,0)) -> 7 | E22: =IF(OR((1-$B22-E$10)<=0.1,(1-$B22-E$10)>=0.35),"",ROUNDUP($C$5*$B22/$G$5,0)+ROUNDUP($C$5*E$10/$G$5,0)+ROUNDUP($C$5*(1-$B22-E$10)/$G$5,0)) -> 7 | F22: =IF(OR((1-$B22-F$10)<=0.1,(1-$B22-F$10)>=0.35),"",ROUNDUP($C$5*$B22/$G$5,0)+ROUNDUP($C$5*F$10/$G$5,0)+ROUNDUP($C$5*(1-$B22-F$10)/$G$5,0)) -> 7 | G22: =IF(OR((1-$B22-G$10)<=0.1,(1-$B22-G$10)>=0.35),"",ROUNDUP($C$5*$B22/$G$5,0)+ROUNDUP($C$5*G$10/$G$5,0)+ROUNDUP($C$5*(1-$B22-G$10)/$G$5,0)) -> 7 | H22: =IF(OR((1-$B22-H$10)<=0.1,(1-$B22-H$10)>=0.35),"",ROUNDUP($C$5*$B22/$G$5,0)+ROUNDUP($C$5*H$10/$G$5,0)+ROUNDUP($C$5*(1-$B22-H$10)/$G$5,0)) -> 7 | I22: =IF(OR((1-$B22-I$10)<=0.1,(1-$B22-I$10)>=0.35),"",ROUNDUP($C$5*$B22/$G$5,0)+ROUNDUP($C$5*I$10/$G$5,0)+ROUNDUP($C$5*(1-$B22-I$10)/$G$5,0)) -> 7 | J22: =IF(OR((1-$B22-J$10)<=0.1,(1-$B22-J$10)>=0.35),"",ROUNDUP($C$5*$B22/$G$5,0)+ROUNDUP($C$5*J$10/$G$5,0)+ROUNDUP($C$5*(1-$B22-J$10)/$G$5,0)) -> 8 | ... S22: =IF(OR((1-$B22-S$10)<=0.1,(1-$B22-S$10)>=0.35),"",ROUNDUP($C$5*$B22/$G$5,0)+ROUNDUP($C$5*S$10/$G$5,0)+ROUNDUP($C$5*(1-$B22-S$10)/$G$5,0)) -> 7 | U22: =IF(COUNT(C22:S22)=0,"",MIN(C22:S22)) -> 7 | V22: =N22 -> 7 | W22: =IF(V22=MIN($V$11:$V$27),B22,"")
B23: 0.42 | C23: =IF(OR((1-$B23-C$10)<=0.1,(1-$B23-C$10)>=0.35),"",ROUNDUP($C$5*$B23/$G$5,0)+ROUNDUP($C$5*C$10/$G$5,0)+ROUNDUP($C$5*(1-$B23-C$10)/$G$5,0)) -> 7 | D23: =IF(OR((1-$B23-D$10)<=0.1,(1-$B23-D$10)>=0.35),"",ROUNDUP($C$5*$B23/$G$5,0)+ROUNDUP($C$5*D$10/$G$5,0)+ROUNDUP($C$5*(1-$B23-D$10)/$G$5,0)) -> 7 | E23: =IF(OR((1-$B23-E$10)<=0.1,(1-$B23-E$10)>=0.35),"",ROUNDUP($C$5*$B23/$G$5,0)+ROUNDUP($C$5*E$10/$G$5,0)+ROUNDUP($C$5*(1-$B23-E$10)/$G$5,0)) -> 7 | F23: =IF(OR((1-$B23-F$10)<=0.1,(1-$B23-F$10)>=0.35),"",ROUNDUP($C$5*$B23/$G$5,0)+ROUNDUP($C$5*F$10/$G$5,0)+ROUNDUP($C$5*(1-$B23-F$10)/$G$5,0)) -> 7 | G23: =IF(OR((1-$B23-G$10)<=0.1,(1-$B23-G$10)>=0.35),"",ROUNDUP($C$5*$B23/$G$5,0)+ROUNDUP($C$5*G$10/$G$5,0)+ROUNDUP($C$5*(1-$B23-G$10)/$G$5,0)) -> 7 | H23: =IF(OR((1-$B23-H$10)<=0.1,(1-$B23-H$10)>=0.35),"",ROUNDUP($C$5*$B23/$G$5,0)+ROUNDUP($C$5*H$10/$G$5,0)+ROUNDUP($C$5*(1-$B23-H$10)/$G$5,0)) -> 7 | I23: =IF(OR((1-$B23-I$10)<=0.1,(1-$B23-I$10)>=0.35),"",ROUNDUP($C$5*$B23/$G$5,0)+ROUNDUP($C$5*I$10/$G$5,0)+ROUNDUP($C$5*(1-$B23-I$10)/$G$5,0)) -> 7 | J23: =IF(OR((1-$B23-J$10)<=0.1,(1-$B23-J$10)>=0.35),"",ROUNDUP($C$5*$B23/$G$5,0)+ROUNDUP($C$5*J$10/$G$5,0)+ROUNDUP($C$5*(1-$B23-J$10)/$G$5,0)) -> 8 | ... S23: =IF(OR((1-$B23-S$10)<=0.1,(1-$B23-S$10)>=0.35),"",ROUNDUP($C$5*$B23/$G$5,0)+ROUNDUP($C$5*S$10/$G$5,0)+ROUNDUP($C$5*(1-$B23-S$10)/$G$5,0)) -> 7 | U23: =IF(COUNT(C23:S23)=0,"",MIN(C23:S23)) -> 7 | V23: =O23 -> 7 | W23: =IF(V23=MIN($V$11:$V$27),B23,"")
B24: 0.43 | C24: =IF(OR((1-$B24-C$10)<=0.1,(1-$B24-C$10)>=0.35),"",ROUNDUP($C$5*$B24/$G$5,0)+ROUNDUP($C$5*C$10/$G$5,0)+ROUNDUP($C$5*(1-$B24-C$10)/$G$5,0)) -> 7 | D24: =IF(OR((1-$B24-D$10)<=0.1,(1-$B24-D$10)>=0.35),"",ROUNDUP($C$5*$B24/$G$5,0)+ROUNDUP($C$5*D$10/$G$5,0)+ROUNDUP($C$5*(1-$B24-D$10)/$G$5,0)) -> 7 | E24: =IF(OR((1-$B24-E$10)<=0.1,(1-$B24-E$10)>=0.35),"",ROUNDUP($C$5*$B24/$G$5,0)+ROUNDUP($C$5*E$10/$G$5,0)+ROUNDUP($C$5*(1-$B24-E$10)/$G$5,0)) -> 7 | F24: =IF(OR((1-$B24-F$10)<=0.1,(1-$B24-F$10)>=0.35),"",ROUNDUP($C$5*$B24/$G$5,0)+ROUNDUP($C$5*F$10/$G$5,0)+ROUNDUP($C$5*(1-$B24-F$10)/$G$5,0)) -> 7 | G24: =IF(OR((1-$B24-G$10)<=0.1,(1-$B24-G$10)>=0.35),"",ROUNDUP($C$5*$B24/$G$5,0)+ROUNDUP($C$5*G$10/$G$5,0)+ROUNDUP($C$5*(1-$B24-G$10)/$G$5,0)) -> 7 | H24: =IF(OR((1-$B24-H$10)<=0.1,(1-$B24-H$10)>=0.35),"",ROUNDUP($C$5*$B24/$G$5,0)+ROUNDUP($C$5*H$10/$G$5,0)+ROUNDUP($C$5*(1-$B24-H$10)/$G$5,0)) -> 7 | I24: =IF(OR((1-$B24-I$10)<=0.1,(1-$B24-I$10)>=0.35),"",ROUNDUP($C$5*$B24/$G$5,0)+ROUNDUP($C$5*I$10/$G$5,0)+ROUNDUP($C$5*(1-$B24-I$10)/$G$5,0)) -> 7 | J24: =IF(OR((1-$B24-J$10)<=0.1,(1-$B24-J$10)>=0.35),"",ROUNDUP($C$5*$B24/$G$5,0)+ROUNDUP($C$5*J$10/$G$5,0)+ROUNDUP($C$5*(1-$B24-J$10)/$G$5,0)) -> 8 | ... S24: =IF(OR((1-$B24-S$10)<=0.1,(1-$B24-S$10)>=0.35),"",ROUNDUP($C$5*$B24/$G$5,0)+ROUNDUP($C$5*S$10/$G$5,0)+ROUNDUP($C$5*(1-$B24-S$10)/$G$5,0)) -> 7 | U24: =IF(COUNT(C24:S24)=0,"",MIN(C24:S24)) -> 7 | V24: =P24 -> 7 | W24: =IF(V24=MIN($V$11:$V$27),B24,"")
B25: 0.44 | C25: =IF(OR((1-$B25-C$10)<=0.1,(1-$B25-C$10)>=0.35),"",ROUNDUP($C$5*$B25/$G$5,0)+ROUNDUP($C$5*C$10/$G$5,0)+ROUNDUP($C$5*(1-$B25-C$10)/$G$5,0)) -> 7 | D25: =IF(OR((1-$B25-D$10)<=0.1,(1-$B25-D$10)>=0.35),"",ROUNDUP($C$5*$B25/$G$5,0)+ROUNDUP($C$5*D$10/$G$5,0)+ROUNDUP($C$5*(1-$B25-D$10)/$G$5,0)) -> 7 | E25: =IF(OR((1-$B25-E$10)<=0.1,(1-$B25-E$10)>=0.35),"",ROUNDUP($C$5*$B25/$G$5,0)+ROUNDUP($C$5*E$10/$G$5,0)+ROUNDUP($C$5*(1-$B25-E$10)/$G$5,0)) -> 7 | F25: =IF(OR((1-$B25-F$10)<=0.1,(1-$B25-F$10)>=0.35),"",ROUNDUP($C$5*$B25/$G$5,0)+ROUNDUP($C$5*F$10/$G$5,0)+ROUNDUP($C$5*(1-$B25-F$10)/$G$5,0)) -> 7 | G25: =IF(OR((1-$B25-G$10)<=0.1,(1-$B25-G$10)>=0.35),"",ROUNDUP($C$5*$B25/$G$5,0)+ROUNDUP($C$5*G$10/$G$5,0)+ROUNDUP($C$5*(1-$B25-G$10)/$G$5,0)) -> 7 | H25: =IF(OR((1-$B25-H$10)<=0.1,(1-$B25-H$10)>=0.35),"",ROUNDUP($C$5*$B25/$G$5,0)+ROUNDUP($C$5*H$10/$G$5,0)+ROUNDUP($C$5*(1-$B25-H$10)/$G$5,0)) -> 7 | I25: =IF(OR((1-$B25-I$10)<=0.1,(1-$B25-I$10)>=0.35),"",ROUNDUP($C$5*$B25/$G$5,0)+ROUNDUP($C$5*I$10/$G$5,0)+ROUNDUP($C$5*(1-$B25-I$10)/$G$5,0)) -> 7 | J25: =IF(OR((1-$B25-J$10)<=0.1,(1-$B25-J$10)>=0.35),"",ROUNDUP($C$5*$B25/$G$5,0)+ROUNDUP($C$5*J$10/$G$5,0)+ROUNDUP($C$5*(1-$B25-J$10)/$G$5,0)) -> 8 | ... S25: =IF(OR((1-$B25-S$10)<=0.1,(1-$B25-S$10)>=0.35),"",ROUNDUP($C$5*$B25/$G$5,0)+ROUNDUP($C$5*S$10/$G$5,0)+ROUNDUP($C$5*(1-$B25-S$10)/$G$5,0)) | U25: =IF(COUNT(C25:S25)=0,"",MIN(C25:S25)) -> 7 | V25: =Q25 -> 7 | W25: =IF(V25=MIN($V$11:$V$27),B25,"")
B26: 0.45 | C26: =IF(OR((1-$B26-C$10)<=0.1,(1-$B26-C$10)>=0.35),"",ROUNDUP($C$5*$B26/$G$5,0)+ROUNDUP($C$5*C$10/$G$5,0)+ROUNDUP($C$5*(1-$B26-C$10)/$G$5,0)) -> 7 | D26: =IF(OR((1-$B26-D$10)<=0.1,(1-$B26-D$10)>=0.35),"",ROUNDUP($C$5*$B26/$G$5,0)+ROUNDUP($C$5*D$10/$G$5,0)+ROUNDUP($C$5*(1-$B26-D$10)/$G$5,0)) -> 7 | E26: =IF(OR((1-$B26-E$10)<=0.1,(1-$B26-E$10)>=0.35),"",ROUNDUP($C$5*$B26/$G$5,0)+ROUNDUP($C$5*E$10/$G$5,0)+ROUNDUP($C$5*(1-$B26-E$10)/$G$5,0)) -> 7 | F26: =IF(OR((1-$B26-F$10)<=0.1,(1-$B26-F$10)>=0.35),"",ROUNDUP($C$5*$B26/$G$5,0)+ROUNDUP($C$5*F$10/$G$5,0)+ROUNDUP($C$5*(1-$B26-F$10)/$G$5,0)) -> 7 | G26: =IF(OR((1-$B26-G$10)<=0.1,(1-$B26-G$10)>=0.35),"",ROUNDUP($C$5*$B26/$G$5,0)+ROUNDUP($C$5*G$10/$G$5,0)+ROUNDUP($C$5*(1-$B26-G$10)/$G$5,0)) -> 7 | H26: =IF(OR((1-$B26-H$10)<=0.1,(1-$B26-H$10)>=0.35),"",ROUNDUP($C$5*$B26/$G$5,0)+ROUNDUP($C$5*H$10/$G$5,0)+ROUNDUP($C$5*(1-$B26-H$10)/$G$5,0)) -> 7 | I26: =IF(OR((1-$B26-I$10)<=0.1,(1-$B26-I$10)>=0.35),"",ROUNDUP($C$5*$B26/$G$5,0)+ROUNDUP($C$5*I$10/$G$5,0)+ROUNDUP($C$5*(1-$B26-I$10)/$G$5,0)) -> 7 | J26: =IF(OR((1-$B26-J$10)<=0.1,(1-$B26-J$10)>=0.35),"",ROUNDUP($C$5*$B26/$G$5,0)+ROUNDUP($C$5*J$10/$G$5,0)+ROUNDUP($C$5*(1-$B26-J$10)/$G$5,0)) -> 7 | ... S26: =IF(OR((1-$B26-S$10)<=0.1,(1-$B26-S$10)>=0.35),"",ROUNDUP($C$5*$B26/$G$5,0)+ROUNDUP($C$5*S$10/$G$5,0)+ROUNDUP($C$5*(1-$B26-S$10)/$G$5,0)) | U26: =IF(COUNT(C26:S26)=0,"",MIN(C26:S26)) -> 7 | V26: =R26 | W26: =IF(V26=MIN($V$11:$V$27),B26,"")
B27: 0.46 | C27: =IF(OR((1-$B27-C$10)<=0.1,(1-$B27-C$10)>=0.35),"",ROUNDUP($C$5*$B27/$G$5,0)+ROUNDUP($C$5*C$10/$G$5,0)+ROUNDUP($C$5*(1-$B27-C$10)/$G$5,0)) -> 7 | D27: =IF(OR((1-$B27-D$10)<=0.1,(1-$B27-D$10)>=0.35),"",ROUNDUP($C$5*$B27/$G$5,0)+ROUNDUP($C$5*D$10/$G$5,0)+ROUNDUP($C$5*(1-$B27-D$10)/$G$5,0)) -> 7 | E27: =IF(OR((1-$B27-E$10)<=0.1,(1-$B27-E$10)>=0.35),"",ROUNDUP($C$5*$B27/$G$5,0)+ROUNDUP($C$5*E$10/$G$5,0)+ROUNDUP($C$5*(1-$B27-E$10)/$G$5,0)) -> 7 | F27: =IF(OR((1-$B27-F$10)<=0.1,(1-$B27-F$10)>=0.35),"",ROUNDUP($C$5*$B27/$G$5,0)+ROUNDUP($C$5*F$10/$G$5,0)+ROUNDUP($C$5*(1-$B27-F$10)/$G$5,0)) -> 7 | G27: =IF(OR((1-$B27-G$10)<=0.1,(1-$B27-G$10)>=0.35),"",ROUNDUP($C$5*$B27/$G$5,0)+ROUNDUP($C$5*G$10/$G$5,0)+ROUNDUP($C$5*(1-$B27-G$10)/$G$5,0)) -> 7 | H27: =IF(OR((1-$B27-H$10)<=0.1,(1-$B27-H$10)>=0.35),"",ROUNDUP($C$5*$B27/$G$5,0)+ROUNDUP($C$5*H$10/$G$5,0)+ROUNDUP($C$5*(1-$B27-H$10)/$G$5,0)) -> 7 | I27: =IF(OR((1-$B27-I$10)<=0.1,(1-$B27-I$10)>=0.35),"",ROUNDUP($C$5*$B27/$G$5,0)+ROUNDUP($C$5*I$10/$G$5,0)+ROUNDUP($C$5*(1-$B27-I$10)/$G$5,0)) -> 6 | J27: =IF(OR((1-$B27-J$10)<=0.1,(1-$B27-J$10)>=0.35),"",ROUNDUP($C$5*$B27/$G$5,0)+ROUNDUP($C$5*J$10/$G$5,0)+ROUNDUP($C$5*(1-$B27-J$10)/$G$5,0)) -> 7 | ... S27: =IF(OR((1-$B27-S$10)<=0.1,(1-$B27-S$10)>=0.35),"",ROUNDUP($C$5*$B27/$G$5,0)+ROUNDUP($C$5*S$10/$G$5,0)+ROUNDUP($C$5*(1-$B27-S$10)/$G$5,0)) | U27: =IF(COUNT(C27:S27)=0,"",MIN(C27:S27)) -> 6 | V27: =S27 | W27: =IF(V27=MIN($V$11:$V$27),B27,"")

Sheet IMPRESSÃO
B2: CURRAL | C2: MANHÃ/TARDE | D2: ALMOÇO
B3: 1 | C3: =AJUSTE!G14 -> 655 | D3: =AJUSTE!H14 -> 288
B4: 2 | C4: =AJUSTE!G15 -> 200 | D4: =AJUSTE!H15 -> 88
B5: 3 | C5: =AJUSTE!G16 -> 663 | D5: =AJUSTE!H16 -> 291
B6: 4 | C6: =AJUSTE!G17 -> 687 | D6: =AJUSTE!H17 -> 302
B7: 5 | C7: =AJUSTE!G18 -> 636 | D7: =AJUSTE!H18 -> 279
B8: 6 | C8: =AJUSTE!G19 -> 595 | D8: =AJUSTE!H19 -> 261
B9: 7 | C9: =AJUSTE!G20 -> 640 | D9: =AJUSTE!H20 -> 281
B10: 8 | C10: =AJUSTE!G21 -> 511 | D10: =AJUSTE!H21 -> 224
B11: 9 | C11: =AJUSTE!G22 -> 87 | D11: =AJUSTE!H22 -> 38
B12: 10 | C12: =AJUSTE!G23 -> 228 | D12: =AJUSTE!H23 -> 100
B14: KG POR CURRAL POR TRATO
B15: TRATO DA MANHÃ É IGUAL O DA TARDE. ALMOÇO É MENOS.
B18: INGREDIENTE | C18: ="VAGÃO GRANDE"&CHAR(10)&"("&TEXT(AJUSTE!D5,"#,##0")&" kg)" -> VAGÃO GRANDE (2200,0 kg) | D18: ="VAGÃO PEQUENO"&CHAR(10)&"MANHÃ/TARDE ("&TEXT(AJUSTE!E28,"0")&" kg)" -> VAGÃO PEQUENO MANHÃ/TARDE (502 kg) | E18: ="VAGÃO PEQUENO"&CHAR(10)&"ALMOÇO — MENOR ("&TEXT(AJUSTE!E29,"0")&" kg)" -> VAGÃO PEQUENO ALMOÇO — MENOR (2152 kg)
B19: SILAGEM | C19: =AJUSTE!D35 -> 1100 | D19: =AJUSTE!E35 -> 251 | E19: =AJUSTE!F35 -> 1076
B20: FARELO DE SOJA | C20: =AJUSTE!D36 -> 264 | D20: =AJUSTE!E36 -> 60.2 | E20: =AJUSTE!F36 -> 258.2
B21: MILHO MOÍDO | C21: =AJUSTE!D37 -> 798.6 | D21: =AJUSTE!E37 -> 182.2 | E21: =AJUSTE!F37 -> 781.2
B22: UREIA | C22: =AJUSTE!D38 -> 15.4 | D22: =AJUSTE!E38 -> 3.5 | E22: =AJUSTE!F38 -> 15.1
B23: NÚCLEO FLEX | C23: =AJUSTE!D39 -> 22 | D23: =AJUSTE!E39 -> 5 | E23: =AJUSTE!F39 -> 21.5
B25: ="MANHÃ E TARDE: "&AJUSTE!D28&" VAGÃO GRANDE"&IF(AJUSTE!E28>0," + 1 PEQUENO","") -> MANHÃ E TARDE: 2 VAGÃO GRANDE + 1 PEQUENO
B26: ="ALMOÇO: "&AJUSTE!D29&" VAGÃO GRANDE"&IF(AJUSTE!E29>0," + 1 PEQUENO (MENOR)","") -> ALMOÇO: 0 VAGÃO GRANDE + 1 PEQUENO (MENOR)
